supplier_name,days_valid,priority,part_number,part_desc,quantity,price,condition,category
Lower Tech,15,1,H000082850,5250 AIO WEB CAMERA CABLE,13,10,Refurbished,Keyboard
Tech suppliers llc,15,5,01AV760,Dell Optiplex 3240 Webcam Cable JNNJ1,2,25.79,Refurbished,Keyboard
Luigi Parts,15,3,04X6338,5250 AIO CABLE HDD / ODD,11,10,Refurbished,Keyboard
North Bridge Tech,15,1,NVHD0,Dell Optiplex 3240 Hard Drive Interface ODD Connector Cable,2,12.92,Refurbished,Keyboard
Lower Tech,15,4,NVHD0,OPTIPLEX 3030 AIO POWER / VOL BOARD,17,11.43,Refurbished,Keyboard
Tech suppliers llc,15,4,04X6440,Dell Optiplex 3030 Power Button Board V8296,1,23.46,Refurbished,Heatsink and Fan
Lower Tech,15,8,04X3829,FRONT CAMERA 2M ,23,10,Refurbished,Heatsink and Fan
North Bridge Tech,15,4,04W6891,Lenovo Thinkpad Helix-20CG Webcam Camera 00HN332,4,10,Refurbished,Heatsink and Fan
Lower Tech,15,2,04W3747,FRONT CAMERA 2M ,36,10.88,Refurbished,Heatsink and Fan
Lower Tech,15,1,BA62-00569A,Camera 720P Front MIC WTB Chny,32,10,Refurbished,Heatsink and Fan
Tech suppliers llc,15,1,BA62-00568A,Lenovo Yoga 20G8 11e Winbook Webcam Camera SC20F26987 Tested Warranty,14,10,Refurbished,Heatsink and Fan
North Bridge Tech,15,6,619440-001,Lenovo Chromebook Thinkpad 11e-20GF Webcam Camera 00HN345,1,10,Refurbished,Heatsink and Fan
Lower Tech,15,10,MJ15R,Camera 720P Front MIC WTB Chny,6,16.94,Refurbished,Heatsink and Fan
North Bridge Tech,15,1,2Y6N5,Camera 720P Front MIC WTB Chny,8,10,Refurbished,Heatsink and Fan
Lower Tech,15,1,04W6858,Camera 720p Front MIC WTB,64,10,Refurbished,Heatsink and Fan
Tech suppliers llc,15,6,04W6858,Lenovo Chromebook Thinkpad 11e-20GF Webcam Camera 00HN347,37,10,Refurbished,Heatsink and Fan
Lower Tech,15,7,3CZHNTMTN10,Camera 720p Front MIC WTB,146,10,Refurbished,Heatsink and Fan
North Bridge Tech,15,6,856681-001,Camera 720P Front MIC WTB Bsn ,1,22.41,Refurbished,Heatsink and Fan
Lower Tech,15,10,R37F7,Lenovo Chromebook Thinkpad Yoga 11e-20GE Webcam Camera 00HN362,69,12.73,Refurbished,Heatsink and Fan
Lower Tech,15,8,00HM179,Camera 720P Front MIC WTB Bsn ,21,10,Refurbished,Heatsink and Fan
North Bridge Tech,15,5,00HM179,DC-IN CABLE ,69,10,Refurbished,Heatsink and Fan
Lower Tech,15,1,812109-001,Lenovo Thinkpad Helix-20CG DC Jack Cable 00JT568,8,10,Refurbished,Fan Only
Lower Tech,15,9,CGF6X,DC-IN CABLE ,32,10,Refurbished,Fan Only
Lower Tech,15,1,665000-001,FRU RJ45 Subcard 14W,4,10,Refurbished,Fan Only
North Bridge Tech,15,3,730903-001,Lenovo Thinkpad L430-2465 USB Board 04W3743,6,10,Refurbished,Fan Only
Lower Tech,15,1,V000270070,FRU RJ45 Subcard 14W,13,10,Refurbished,Fan Only
Lower Tech,15,3,HGT7X,FRU Thermal Module Int,2,10,Refurbished,Fan Only
North Bridge Tech,15,7,PPD50,Lenovo Thinkpad L430-2465 Heatsink & Fan 04W3747,3,10,Refurbished,Fan Only
Lower Tech,15,5,M4J5V,FRU Thermal Module Int,28,10,Refurbished,Fan Only
North Bridge Tech,15,4,724870-001,FRU Thermal Module AVC,3,10,Refurbished,Fan Only
Lower Tech,15,10,YPYC0,Lenovo Thinkpad X131e Heatsink & Fan 04W6858 Tested Warranty Ships Today,11,10,Refurbished,Fan Only
Lower Tech,15,5,779598-001,Lenovo Thinkpad X131e CPU Fan Cooling Heatsink,7,10,Refurbished,Fan Only
North Bridge Tech,15,1,730792-001,Lenovo Thinkpad X131e CPU Fan Cooling Heatsink,100,10,Refurbished,Fan Only
Lower Tech,15,3,XGYJW,FRU Thermal Module AVC,25,10,Refurbished,Fan Only
North Bridge Tech,15,1,WKT5Y,FRU DC-in Cable 14W/15W,56,10,Refurbished,Fan Only
Lower Tech,15,10,X4WTW,Lenovo Thinkpad L430-2465 DC Jack Cable 04W6989,5,151.33,Refurbished,LCD Complete
Lower Tech,15,10,90007266,FRU DC-in Cable 14W/15W,1,10,Refurbished,Camera
North Bridge Tech,15,8,90200441,Cable Internal,1,10,Refurbished,Camera
Lower Tech,15,5,5C20L78343,Lenovo Thinkpad Helix-3698 DC Jack Cable 04X0509,2,10,Refurbished,Camera
North Bridge Tech,15,6,707767-001,Cable Internal,16,10,Refurbished,Camera
Lower Tech,15,6,757023-595,Mystique-1FRU FAN UMA,4,10,Refurbished,Camera
North Bridge Tech,15,6,00HN332,Lenovo Thinkpad X1 Carbon-20A7 Heatsink & Fan 04X3829,18,10,Refurbished,Camera
Lower Tech,15,4,SC20F26950,LENOVO HEATSINK WITH FAN THERMAL MODULE THINKPAD X1 CARBON TYPE 20A8,11,10,Refurbished,Camera
North Bridge Tech,15,8,812714-001,LENOVO HEATSINK WITH FAN THERMAL MODULE THINKPAD X1 CARBON TYPE 20A8,27,10,Refurbished,Camera
North Bridge Tech,15,3,659516-001,Mystique-1FRU FAN UMA,7,10,Refurbished,Camera
Lower Tech,15,1,NC.21411.03M,CARDPOP RJ45 Subcard,1,10,Refurbished,Camera
Lower Tech,15,3,00HN302,Lenovo Thinkpad 20A7 X1 Carbon USB Board 04X5599 Tested Warranty Ships Today,167,12.71,Refurbished,Camera
Lower Tech,15,10,BA59-03018A,LENOVO USB PORT BOARD W/CABLE THINKPAD X1 CARBON TYPE 20A8,14,10,Refurbished,Camera
Lower Tech,15,6,04081-00093400,LENOVO USB PORT BOARD W/CABLE THINKPAD X1 CARBON TYPE 20A8,14,10,Refurbished,Camera
Lower Tech,15,1,NC.21411.03L,CARDPOP RJ45 Subcard,1,10,Refurbished,Camera
Lower Tech,15,4,554KP,Carbon Mini Display Port USB Board w/cable FOR LENOVO X1 CARBON  2ND GEN,1,10,Refurbished,Camera
Lower Tech,15,3,5C20G89276,FRU Audio Subcard,1,10,Refurbished,Camera
Lower Tech,15,5,708231-1KB,Lenovo Thinkpad 20A7 X1 Carbon Audio USB Board 04X5600 Tested Ships Today,6,10,Refurbished,Camera
Lower Tech,15,10,NC.21411.010,LENOVO USB AUDIO BOARD W/CABLE THINKPAD X1 CARBON TYPE 20A8,1,10,Refurbished,Camera
Lower Tech,15,9,640880-001,LENOVO USB AUDIO BOARD W/CABLE THINKPAD X1 CARBON TYPE 20A8,1,10,Refurbished,Camera
Lower Tech,15,4,615744-001,FRU Audio Subcard,3,10,Refurbished,Camera
Lower Tech,15,7,619459-001,FRU Audio Subcard,1,10,Refurbished,Camera
Lower Tech,15,8,04081-00092300,Audio / USB Port Board FOR X1 CARBON GEN 2 & GEN 3,1,10,Refurbished,Camera
Lower Tech,15,7,703461-001,UMA PCC+ FURUKAWA,4,10,Refurbished,Camera
Lower Tech,15,4,K000090990,Lenovo Thinkpad Yoga 20CD Heatsink & Fan 04X6440,1,10,Refurbished,Camera
Lower Tech,15,10,00HN347,UMA PCC+ FURUKAWA,38,10,Refurbished,Camera
Lower Tech,15,3,784425-001,COOLING HEATSINK AND FAN S1 YOGA,11,10,Refurbished,Camera
Lower Tech,15,7,CECDB705S,CABLE LCD Cable 80NR,1,10,Refurbished,Camera
North Bridge Tech,15,8,5C20J46489,Lenovo Miix 300-10IBY 5C10J46176 Tested Warranty Ships Today,2,10,Refurbished,Camera
Lower Tech,15,6,NC.21411.008,CABLE LCD Cable 80NR,48,10,Refurbished,Camera
Lower Tech,15,6,757023-395,CAMERA CCY CNFEH39 HD NB camera,49,10,Refurbished,Camera
Lower Tech,15,7,04081-00090300,Lenovo Flex 3-1580-80R4 Webcam Camera 5C20G89264,58,10,Refurbished,Camera
North Bridge Tech,15,6,830877-001,CAMERA CCY CNFEH39 HD NB camera,98,10,Refurbished,Camera
Lower Tech,15,3,00HN345,Camera internal,25,15.49,Refurbished,Camera
Lower Tech,15,7,00HN361,Lenovo V110-15ISK-80TL Webcam Camera 5C20L78343,12,10,Refurbished,Camera
Lower Tech,15,6,04081-00092500,Camera internal,2,10,Refurbished,Camera
Lower Tech,15,9,682105-001,CARDPOP IO Board L Yoga 3 14 W/C,1,10,Refurbished,Camera
Lower Tech,15,8,592WK,Lenovo Yoga 3-1470-80JH Audio USB Board 5C50H35680,1,10,Refurbished,Camera
Lower Tech,15,8,00HN362,LENOVO IO Board L Yoga 3 14 W/C NS-A383,39,10,Refurbished,Camera
Lower Tech,15,10,NC.21411.02V,LENOVO IO Board L Yoga 3 14 W/C NS-A383,182,10,Refurbished,Camera
Lower Tech,15,10,5C20G89264,CARDPOP IO Board L Yoga 3 14 W/C,7,10,Refurbished,Camera
Lower Tech,15,9,PVC05,SPS DC IN CONN W/BRKT FOR BUTTERNUT,61,10,Refurbished,Camera
Lower Tech,15,1,787736-001,HP 3125 DC Jack Cable 664995-001,119,10,Refurbished,Camera
Lower Tech,15,7,860576-001,HP DC-in power connector cable - With bracket,125,10,Refurbished,Camera
Lower Tech,15,10,730542-001,HP DC-in power connector cable - With bracket,1,10,Refurbished,Camera
Lower Tech,15,8,95TK3,SPS DC IN CONN W/BRKT FOR BUTTERNUT,21,10,Refurbished,Camera
Lower Tech,15,1,757023-1B5,SPS-USB BD,2,10,Refurbished,Camera
Lower Tech,15,3,PK400011O00,HP Envy M6-1225DX USB Board 686918-001,2,10,Refurbished,Camera
Lower Tech,15,6,834912-001,HP PC BOARD - USB BOARD LS-8714P M6-1125DX,444,10,Refurbished,Camera
Lower Tech,15,10,00HN300,HP PC BOARD - USB BOARD LS-8714P M6-1125DX,72,10,Refurbished,Camera
Lower Tech,15,3,1D8PG,SPS-USB BD,4,10,Refurbished,Camera
Lower Tech,15,8,47F6V,SPS-POWER BUTTON BD W/ CABLE KOOPAS 1.X,8,10,Refurbished,Camera
Lower Tech,15,9,VR2DY,HP Pavilion Touchsmart 11-E010NR Power Button Board 730899-001,9,10,Refurbished,Camera
Lower Tech,15,2,NC2141103Q,HP 11-E015DX POWER BUTTON BD WITH CABLE,227,10,Refurbished,Camera
Lower Tech,15,8,783088-001,HP 11-E015DX POWER BUTTON BD WITH CABLE,1,10,Refurbished,Camera
Lower Tech,15,9,BA96-06994A,SPS-POWER BUTTON BD W/ CABLE KOOPAS 1.X,3,10,Refurbished,Camera
Lower Tech,15,10,LF-C797P,SPS VGA USB BD 14 OSS1356,1,10,Refurbished,Daughterboard
Lower Tech,15,5,75FT3,HP Elitebook 740 G1 USB VGA Board 730966-001,4,10,Refurbished,Daughterboard
Lower Tech,15,1,A15AR2,HP Elitebook 840 Zbook 14 VGA USB Board,8,10,Refurbished,Daughterboard
Lower Tech,15,5,5C10G59759,VGA/USB board - For use in EliteBook 840 and ZBook 14 models,1,10,Refurbished,Daughterboard
Lower Tech,15,4,04W3876,HP Elitebook 840 Zbook 14 VGA USB Board,4,10,Refurbished,Daughterboard
Lower Tech,15,5,44C4062,SPS VGA USB BD 14 OSS1356,2,10,Refurbished,Daughterboard
Lower Tech,15,6,44C5396,Connector board (includes cable memory card reader USB port),2,10,Refurbished,Daughterboard
Lower Tech,15,4,04W1630,HP Envy M6-W101DX SD Slot Board 807527-001,1,10,Refurbished,Daughterboard
Lower Tech,15,6,04X0509,HP SD CARD USB BOARD W/ CABLE ENVY M6-W M6-W101DX,1,10,Refurbished,Daughterboard
Lower Tech,15,8,90007353,HP SD CARD USB BOARD W/ CABLE ENVY M6-W M6-W101DX,1,10,Refurbished,Daughterboard
Lower Tech,15,8,1FCDN,Connector board (includes cable memory card reader USB port),244,10,Refurbished,Daughterboard
Lower Tech,15,6,CJDD4,GNRC DCIN CAL235 8p 4.5mm90W 8P15 BO,66,10,Refurbished,Daughterboard
Lower Tech,15,3,00HN422,HP Stream 14-AX010NR DC Jack Cable 810327-004,1,10,Refurbished,Daughterboard
Lower Tech,15,5,7PNY3,HP POWER DC-IN CONNECTOR STREAM 14-AX 14-AX067NR,28,10,Refurbished,Daughterboard
Lower Tech,15,8,90200456,DC IN CAL235 8p 4.5mm90W 8P15 BO,1,11.18,Refurbished,Daughterboard
Lower Tech,15,9,90200459,HP POWER DC-IN CONNECTOR STREAM 14-AX 14-AX067NR,1,10,Refurbished,Daughterboard
Lower Tech,15,6,04X5599,GNRC DCIN CAL235 8p 4.5mm90W 8P15 BO,1,10,Refurbished,Daughterboard
Lower Tech,15,9,04X5600,Optical drive connector board ,2,10.71,Refurbished,Daughterboard
Lower Tech,15,6,90200458,HP 15-BA083NR ODD Connector Board 855007-001,1,10,Refurbished,Daughterboard
Lower Tech,15,9,5C50L78332,HP DVD CONNECTOR BOARD W/ CABLE 15-BA 15-BA009DX,1,10,Refurbished,Daughterboard
North Bridge Tech,15,7,5C50L78362,OPTICAL DRIVE CONNECTOR BOARD,2,10,Refurbished,Daughterboard
Lower Tech,15,3,5C50L78318,HP DVD CONNECTOR BOARD W/ CABLE 15-BA 15-BA009DX,2,10,Refurbished,Daughterboard
Lower Tech,15,2,5C50G89505,Optical drive connector board ,1,10,Refurbished,Daughterboard
North Bridge Tech,15,9,7FWX8,PCBA TOUCHPAD BUTTON EGGROLL 1.X,1,10,Refurbished,Daughterboard
Lower Tech,15,6,DV2PY,HP 15-BA089NR Touchpad Board with Cable 855011-001,1,10,Refurbished,Daughterboard
North Bridge Tech,15,8,FCDKH,TouchPad button board - Includes bracket and cables,13,10,Refurbished,Daughterboard
Lower Tech,15,5,Y9JG2,PCBA TOUCHPAD BUTTON BOARD - Includes cables,2,10,Refurbished,Daughterboard
North Bridge Tech,15,3,Y9JG2,PCBA TOUCHPAD BUTTON EGGROLL 1.X,49,10,Refurbished,Daughterboard
Luigi Parts,15,7,Y9JG2,PCBA POWER BUTTON EGGROLL 1.X,49,10,Refurbished,Daughterboard
Luigi Parts,15,8,04W3745,HP HP 15-BA089NR Power Button Board 855012-001 Tested Warranty Ships Today,52,10,Refurbished,Daughterboard
Luigi Parts,15,7,04W3743,HP POWER BUTTON BOARD W/ CABLE 15-AB 15-AB078DX SERIES,20,12.86,Refurbished,Daughterboard
Luigi Parts,15,2,11A21,Power button board - Includes connector cable,1,10,Refurbished,Daughterboard
Luigi Parts,15,7,04W6989,HP POWER BUTTON BOARD W/ CABLE 15-AB 15-AB078DX SERIES,46,10,Refurbished,Daughterboard
Luigi Parts,15,10,V8296,Power button board - Includes connector cable ,13,10,Refurbished,Daughterboard
Luigi Parts,15,4,MTX1M,PCBA POWER BUTTON EGGROLL 1.X,2,10,Refurbished,Daughterboard
Luigi Parts,15,1,TD1C6,CABLE - ODD ,22,10,Refurbished,Daughterboard
Luigi Parts,15,5,LS213UA,HP HP 17-X051NR ODD Connector Cable 856609-001 Tested Warranty,3,10,Refurbished,Daughterboard
Lower Tech,15,1,LS213UA,HP CABLE ODD,6,10,Refurbished,Daughterboard
North Bridge Tech,15,2,LS213UA,HP CABLE ODD,31,10,Refurbished,Daughterboard
Lower Tech,15,8,00HT219,CABLE - ODD ,18,21.28,Refurbished,Daughterboard
Lower Tech,15,5,JK3M9,HP CABLE ODD 17-X115DX 17-X116DX,15,10,Refurbished,Daughterboard
North Bridge Tech,15,8,5C10L08679,"USB BOARD - OPP 17"" DINER",90,10,Refurbished,Daughterboard
North Bridge Tech,15,10,00JT568,HP HP 17-X051NR USB Board with Cable 856613-001 Tested Warranty,10,10,Refurbished,Daughterboard
Lower Tech,15,3,855012-001,"USB BOARD - OPP 17"" DINER",19,10,Refurbished,Daughterboard
North Bridge Tech,15,3,855011-001,SPS-WEBCAM HD PITA 1.X,8,10,Refurbished,Daughterboard
Luigi Parts,15,3,CMXGT,HP 15-BA083NR Webcam Camera 708231-1K8,139,10,Refurbished,Daughterboard
Luigi Parts,15,3,2CK1V,WEBCAM MODULE,28,10,Refurbished,Daughterboard
North Bridge Tech,15,4,0NFVF,SPS-WEBCAM HD PITA 1.X,147,10,Refurbished,Daughterboard
Lower Tech,15,7,CJY97,SPS-WEBCAM HD PITA 1.X,48,10,Refurbished,Daughterboard
Lower Tech,15,5,819789-001,CBL HALL SENSOR BOARD CONNECTOR CABLE ,66,10,Refurbished,Daughterboard
North Bridge Tech,15,6,824140-001,HP Chromebook 11-V010NR Hall Sensor Board with Cable 900810-001,98,11.37,Refurbished,Daughterboard
Lower Tech,15,2,WVYY9,HP HALL SENSOR BOARD CONNECTOR CABLE CHROMEBOOK 11-V020WM,34,14.48,Refurbished,Daughterboard
Lower Tech,15,2,664995-001,HP HALL SENSOR BOARD CONNECTOR CABLE CHROMEBOOK 11-V020WM,10,10,Refurbished,Daughterboard
North Bridge Tech,15,6,DALI5TH16F0,CBL HALL SENSOR BOARD CONNECTOR CABLE ,150,10,Refurbished,Daughterboard
Lower Tech,15,1,C8MR7,PCBA AUDIO BD TORTILLA 1.X,1,10,Refurbished,Daughterboard
North Bridge Tech,15,10,0K5M1,HP Stream 11-Y010NR Audio USB Board with Cable 902960-001,8,10.49,Refurbished,Daughterboard
Lower Tech,15,5,G3PWR,PCBA AUDIO BD,22,10,Refurbished,Daughterboard
Luigi Parts,15,1,KRHCC,PCBA AUDIO BD TORTILLA 1.X,6,10,Refurbished,Daughterboard
Luigi Parts,15,7,RY7G9,CABLE  BATTERY,20,10,Refurbished,Daughterboard
Lower Tech,15,4,YXPK7,HP Stream 14-AX020NR Battery Connection Cable 905566-001 Tested Warranty,5,10,Refurbished,Daughterboard
Lower Tech,15,8,417HF,HP BATTERY CONNECTOR STREAM 14-AX 14-AX010WM,9,10,Refurbished,Daughterboard
Lower Tech,15,4,GRRCY,"CABLE, BATTERY",1,10,Refurbished,Daughterboard
Lower Tech,15,3,X8CW7,HP BATTERY CONNECTOR STREAM 14-AX 14-AX010WM,3,10,Refurbished,Daughterboard
Lower Tech,15,5,F8K78,CABLE  BATTERY,4,10,Refurbished,Daughterboard
Lower Tech,15,3,D99YJ,Toshiba Satellite E45W-C4200 Laptop Keyboard H000082850 Grade A,25,10,Refurbished,Daughterboard
Lower Tech,15,6,R6RKM,TOSHIBA KEYBOARD US ESCU 293MM E45W-C4200D,5,18.01,Refurbished,Daughterboard
Lower Tech,15,1,FMJXC,TOSHIBA KEYBOARD US ESCU 293MM E45W-C4200D,76,10,Refurbished,Daughterboard
Luigi Parts,15,7,FXX33,Lenovo Chromebook Thinkpad 11e-20GF Laptop Keyboard Grade A,16,10,Refurbished,Daughterboard
Luigi Parts,15,1,32001920-02UT56Q16E,Lenovo Chromebook Thinkpad Yoga 11e-20DU Laptop Keyboard Grade A,1,10,Refurbished,Daughterboard
Luigi Parts,15,4,16G9G,Dell Chromebook 7310 Laptop Keyboard NVHD0 Grade A,1,10,Refurbished,Daughterboard
Luigi Parts,15,1,5C50H35680,Lenovo Thinkpad L430-2465 Heatsink & Fan 04W6891,1,10,Refurbished,Daughterboard
Luigi Parts,15,6,BA92-07818A,Samsung Chromebook XE500C21 Heatsink & Fan BA62-00569A,44,10,Refurbished,Daughterboard
Lower Tech,15,5,BA92-08331A,"Samsung Chromebook XE500C21 12.1"" CPU Cooling Fan w/Heatsink",18,10,Refurbished,Daughterboard
Lower Tech,15,6,5Y2R9,"Samsung Chromebook XE500C21 12.1"" CPU Cooling Fan w/Heatsink",1,10,Refurbished,Daughterboard
Lower Tech,15,10,90NX00Y0-R10010,Samsung Chromebook XE303C12 Heatsink & Fan BA62-00568A,17,16.3,Refurbished,Daughterboard
Lower Tech,15,6,T7GVF,"Samsung Chromebook XE500C21 12.1"" CPU Cooling Fan w/Heatsink",8,10,Refurbished,Daughterboard
Lower Tech,15,7,1414-0A7E000,"Samsung Chromebook XE500C21 12.1"" CPU Cooling Fan w/Heatsink",1,10,Refurbished,Daughterboard
Tech suppliers llc,15,6,856680-001,HP Pavilion DM3T-3000 Heatsink & Fan 619440-001,9,10,Refurbished,Daughterboard
Lower Tech,15,9,60NL0970-1O1040,HP Thermal heat sink and fan module,105,10,Refurbished,Daughterboard
Lower Tech,15,1,686917-001,HP Thermal heat sink and fan module,1,10,Refurbished,Daughterboard
Tech suppliers llc,15,8,900810-001,Dell Latitude E5450 Heatsink & Fan MJ15R,89,10,Refurbished,Daughterboard
Lower Tech,15,10,810327-004,Dell Inspiron 3555 3558 Heatsink & Fan 2Y6N5,310,10,Refurbished,Daughterboard
Tech suppliers llc,15,5,LS213UA,Acer Chromebook C720P C720 Heatsink & Fan 3CZHNTMTN10,2,10,Refurbished,Daughterboard
Tech suppliers llc,15,5,730899-001,HP 17-X051NR Heatsink & Fan 856681-001,1,10,Refurbished,Daughterboard
Tech suppliers llc,15,3,640883-001,Dell Latitude E7270 Heatsink & Fan R37F7,2,10,Refurbished,Daughterboard
Tech suppliers llc,15,5,640891-001,Lenovo Thinkpad 11e-20DU 11e-20DB 11e-20DA Heatsink & Fan 00HM179 Tested,3,10,Refurbished,Daughterboard
Tech suppliers llc,15,7,608273-001,LENOVO COOLING FAN W/HEATSINK THINKPAD 11E CHROMEBOOK,3,10,Refurbished,Daughterboard
Tech suppliers llc,15,8,608277-001,LENOVO COOLING FAN W/HEATSINK THINKPAD 11E CHROMEBOOK,3,10,Refurbished,Daughterboard
Tech suppliers llc,15,6,626740-001,HP Pavilion 15-AB253CL CPU Fan 812109-001,1,10,Refurbished,Daughterboard
Tech suppliers llc,15,4,69N0PPB10A01-01,Dell Inspiron 3567 CPU Fan CGF6X,1,10,Refurbished,Daughterboard
Tech suppliers llc,15,10,60NB0230-LD1020,HP HP 3125 CPU Fan 665000-001 Tested Warranty Ships Today,1,10,Refurbished,Daughterboard
Tech suppliers llc,15,6,1HJ8H,HP Pavilion Touchsmart 11-E010NR CPU Fan 730903-001,6,10,Refurbished,Daughterboard
Lower Tech,15,8,NS-A273,Toshiba Satellite C55-A5285 CPU Fan V000270070,3,10,Refurbished,Daughterboard
Tech suppliers llc,15,9,3PGX8,TOSHIBA FAN NORMAL,14,10,Refurbished,Daughterboard
Lower Tech,15,2,LS-5841P,TOSHIBA FAN NORMAL,1,10,Refurbished,Daughterboard
Lower Tech,15,4,DC02000ZG00,Dell Vostro 5480 CPU Fan HGT7X,1,10,Refurbished,Daughterboard
Lower Tech,15,3,NBX0000M400,Dell Vostro 5480 CPU Fan PPD50,1,10,Refurbished,Daughterboard
Lower Tech,15,2,6017B0402601,Dell Latitude 3470 CPU Fan M4J5V,23,10,Refurbished,Daughterboard
Lower Tech,15,3,6017B0440501,HP Pavilion 17-E135NR CPU Fan 724870-001,13,10,Refurbished,Daughterboard
Lower Tech,15,3,799750-F23,Dell Chromebook 7310 CPU Fan YPYC0 Tested Warranty,142,10,Refurbished,Daughterboard
Lower Tech,15,5,905566-001,HP Pavilion 13-A051NR CPU Fan 779598-001,310,10,Refurbished,Daughterboard
Lower Tech,15,8,NS-A483,HP Pavilion 13-a Series Cooling Fan,1,10,Refurbished,Daughterboard
Luigi Parts,15,6,784417-001,HP Pavilion 13-a Series Cooling Fan,10,10,Refurbished,Daughterboard
Lower Tech,15,3,784416-001,HP Elitebook 740 G1 CPU Fan 730792-001 Tested Warranty Ships Today,14,10,Refurbished,Daughterboard
Luigi Parts,15,6,5C10J46176,Fan assembly - Includes connector cable,2,10,Refurbished,Daughterboard
Lower Tech,15,2,81JRD,"Cooling Fan FOR HP 745, 755, 840, 850 ZBOOK 14 ",6,10,Refurbished,Daughterboard
Lower Tech,15,10,NS-A362,Fan assembly - Includes connector cable,2,10,Refurbished,Daughterboard
Lower Tech,15,3,902960-001,Dell Latitude E5470 CPU Fan XGYJW,115,10,Refurbished,Daughterboard
Luigi Parts,15,8,NS-A203,Dell Latitude E5470 CPU Fan WKT5Y,1,10,Refurbished,Daughterboard
Lower Tech,15,3,DC02C004O00,DELL LATITUDE E5470 COOLING FAN ,1,10,Refurbished,Daughterboard
Lower Tech,15,1,NS-A204,Dell Optiplex 3240 LCD Touch Screen Assembly X4WTW FHD Black Tested Warranty,1,10,Refurbished,Daughterboard
Luigi Parts,15,10,5C50G91216,Lenovo Lenovo B40-80 Webcam Camera 90007266 Tested Warranty,3,10,Refurbished,Daughterboard
Lower Tech,15,9,LS-D561P,LENOVO WEBCAM CAMERA BOARD 1M NT B50-45,1,10,Refurbished,Daughterboard
Lower Tech,15,1,LS-9432P,LENOVO WEBCAM CAMERA BOARD 1M NT B50-45,84,10,Refurbished,Daughterboard
Lower Tech,15,3,4YVHX,Lenovo G580-2189 Webcam Camera 90200441,3,10,Refurbished,Daughterboard
Luigi Parts,15,3,809545-001,LENOVO WEBCAM MODULE FOR G580 / G585,64,10,Refurbished,Daughterboard
Lower Tech,15,10,809544-001,LENOVO WEBCAM MODULE FOR G580 / G585,12,10,Refurbished,Daughterboard
Luigi Parts,15,3,809546-001,HP Chromebook 14-C010US Webcam Camera 695191-140,8,10,Refurbished,Daughterboard
Lower Tech,15,4,2C7G2,HP TOUCHSMART 15-B SERIE WEBCAM WITH MIC,6,13.59,Refurbished,Daughterboard
Luigi Parts,15,10,DCR9X,HP TOUCHSMART 15-B SERIE WEBCAM WITH MIC,9,10.01,Refurbished,Daughterboard
Lower Tech,15,9,YT97H,HP x360 310 G1 Webcam Camera 757023-595,18,10,Refurbished,Daughterboard
Luigi Parts,15,7,320C7IB0010,HP WEBCAM CAMERA/MIC 1280X720 LED M6-W102DX,31,10,Refurbished,Daughterboard
Lower Tech,15,1,8TJD5,HP WEBCAM CAMERA/MIC 1280X720 LED M6-W102DX,402,14.23,Refurbished,Daughterboard
Lower Tech,15,7,V54NT,Lenovo Thinkpad Helix-20CG Webcam Camera SC20F26950,743,10,Refurbished,Daughterboard
Lower Tech,15,5,NH21D,HP Pavilion 11-K122NR Webcam Camera 812714-001,548,17.01,Refurbished,Daughterboard
Lower Tech,15,7,DA0ZM3YB6D0,HP x360 310 G1 Webcam Camera 812714-001,2,10,Refurbished,Daughterboard
Lower Tech,15,10,6JV04,HP 3125 Webcam Camera 659516-001,10,10,Refurbished,Daughterboard
Lower Tech,15,9,3YKGT,HP WEBCAM MODULE FOR DM1-4151NR,11,10,Refurbished,Daughterboard
Lower Tech,15,10,LS-B072P,HP WEBCAM MODULE FOR DM1-4151NR,11,10,Refurbished,Daughterboard
Lower Tech,15,2,F7CRD,Acer Aspire R3-131T Webcam Camera NC.21411.03M,5,10,Refurbished,Daughterboard
Lower Tech,15,8,DA0LI5TH6F0,Lenovo Chromebook Thinkpad Yoga 11e-20DU Webcam Camera 00HN302,67,10,Refurbished,Daughterboard
Lower Tech,15,9,13CJ2,Samsung Chromebook XE500C21 Webcam Camera BA59-03018A,10,10,Refurbished,Daughterboard
Lower Tech,15,5,A14CP2,Samsung ChromeBook XE500C21 Camera Webcam,21,10,Refurbished,Daughterboard
Lower Tech,15,7,27KKX,Samsung ChromeBook XE500C21 Camera Webcam,3,10,Refurbished,Daughterboard
Lower Tech,15,1,60NB0590-SN1001,Asus Chromebook C100P Webcam Camera 04081-00093400,1,10,Refurbished,Daughterboard
Lower Tech,15,3,DA0L15TH6F0,ASUS WEBCAM CAMERA HD FIX 3.3V CL C100P,1,10,Refurbished,Daughterboard
Lower Tech,15,9,682087-001,ASUS WEBCAM CAMERA HD FIX 3.3V CL C100P,3,10,Refurbished,Daughterboard
Lower Tech,15,4,686900-001,Acer Aspire R5-471T Webcam Camera NC.21411.03L,1,10,Refurbished,Daughterboard
Lower Tech,15,2,686918-001,Dell Inspiron 2020 Webcam Camera 554KP,2,10,Refurbished,Daughterboard
Lower Tech,15,1,686899-001,Lenovo Edge 2-1580-80QF Webcam Camera 5C20G89276,1,10,Refurbished,Daughterboard
Lower Tech,15,3,45M2861,HP 17-X010NR Webcam Camera 708231-1KB,10,10,Refurbished,Daughterboard
Lower Tech,15,5,45M2870,Acer Aspire S3-391 Webcam Camera NC.21411.010,12,10,Refurbished,Daughterboard
Lower Tech,15,1,04W1743,HP Pavilion G6-1B60US Webcam Camera 640880-001,12,10,Refurbished,Daughterboard
Lower Tech,15,2,45M2862,HP WEBCAM MODULE FOR HP G6-1xxxx SERIES,1,10,Refurbished,Daughterboard
Lower Tech,15,6,K0D0W,HP WEBCAM MODULE FOR HP G6-1xxxx SERIES,13,10,Refurbished,Daughterboard
Lower Tech,15,4,GG3JR,HP Pavilion DM4-1160US Webcam Camera 615744-001,14,10,Refurbished,Daughterboard
Lower Tech,15,9,307VN,HP Pavilion DM3T-3000 Webcam Camera 619459-001,21,10,Refurbished,Daughterboard
Lower Tech,15,5,F568V,HP Pavilion DM3-3000 WEBCAM,1,10,Refurbished,Daughterboard
Lower Tech,15,6,04W3869,HP Pavilion DM3-3000 WEBCAM,54,10,Refurbished,Daughterboard
Lower Tech,15,9,DA0LI2TB8C0,Asus X-Series X550ZA Webcam Camera 04081-00092300,61,10,Refurbished,Daughterboard
Lower Tech,15,8,04W3875,HP Pavilion G6-2270DX Webcam Camera 703461-001,52,10,Refurbished,Daughterboard
Lower Tech,15,5,04W3558,HP WEB CAMERA 2000-2B SERIES,75,10,Refurbished,Daughterboard
Lower Tech,15,2,4WVN4,Webcamera/ MIC High Definition..,48,10,Refurbished,Daughterboard
Lower Tech,15,5,60NB05W0-IO1110,HP WEB CAMERA 2000-2B SERIES,2,10,Refurbished,Daughterboard
Lower Tech,15,2,90NB0BL0-R11000,Toshiba Mini Notebook NB305 Webcam Camera K000090990,56,10,Refurbished,Daughterboard
Lower Tech,15,8,3NBLSLB0000,TOSHIBA CAMERA MODULE,12,10,Refurbished,Daughterboard
Lower Tech,15,4,02TWG,TOSHIBA CAMERA MODULE,288,10,Refurbished,Daughterboard
Lower Tech,15,9,TTX96,HP Pavilion 10-K010NR Webcam Camera 784425-001,43,10,Refurbished,Daughterboard
Lower Tech,15,1,856613-001,Toshiba Satellite E45t-A4300 Webcam Camera CECDB705S,21,10,Refurbished,Daughterboard
Lower Tech,15,4,856609-001,Lenovo Ideapad Miix 300-10IBY-80NR Webcam Camera 5C20J46489,25,10,Refurbished,Daughterboard
Lower Tech,15,9,787714-001,Acer Chromebook C710 Webcam Camera NC.21411.008,117,10,Refurbished,Daughterboard
Lower Tech,15,6,790635-001,HP Pavilion 11-K124CY Webcam Camera 757023-395,147,10,Refurbished,Daughterboard
Lower Tech,15,4,NSA076,HP WEBCAM CAMERA/MIC 1280X720 LED M6-W102DX,1,10,Refurbished,Daughterboard
Lower Tech,15,3,855007-001,HP WEBCAM CAMERA/MIC 1280X720 LED M6-W102DX,19,10,Refurbished,Daughterboard
Lower Tech,15,1,855010-001,Asus Chromebook C200M Webcam Camera 04081-00090300,47,10,Refurbished,Daughterboard
Lower Tech,15,5,1414-08DB000,Asus CAMERA HD FIX 3.3V D MIC CL,1,10,Refurbished,Daughterboard
Lower Tech,15,4,7NFCY,Asus CAMERA HD FIX 3.3V D MIC CL,1,10,Refurbished,Daughterboard
Lower Tech,15,3,5C50L06254,HP Chromebook 14-AK010NR Webcam Camera 830877-001,105,10,Refurbished,Daughterboard
Lower Tech,15,2,1N2X6,Lenovo Chromebook Thinkpad Yoga 11e-20GE Webcam Camera 00HN361,4,14.09,Refurbished,Daughterboard
Lower Tech,15,10,6GY4K,Asus R-Series R554LA Webcam Camera 04081-00092500,18,10,Refurbished,Daughterboard
Lower Tech,15,2,R085W,HP Envy DV6-7329NR Webcam Camera 682197-540,2,10,Refurbished,Daughterboard
Lower Tech,15,9,WH486,WEBCAM with MIC - Speaker mesh sticker included,14,10,Refurbished,Daughterboard
Lower Tech,15,6,9TC6M,WEBCAM with MIC - Speaker mesh sticker included,16,10,Refurbished,Daughterboard
Lower Tech,15,1,PDJDC,Dell Latitude 3570 Webcam Camera 592WK,1,10,Refurbished,Daughterboard
Lower Tech,15,5,GMNG8,Acer Chromebook C720P Webcam Camera NC.21411.02V,1,10,Refurbished,Daughterboard
Lower Tech,15,7,WYWRF,Dell Chromebook 7310 Webcam Camera PVC05,6,10,Refurbished,Daughterboard
Lower Tech,15,5,8481M,HP Chromebook 14-X010NR Webcam Camera 787736-001,3,10,Refurbished,Daughterboard
Lower Tech,15,4,CP9F1,HP WEBCAM CAMERA AND MIC 1280X720 RESOLUTION  14-X013DX,3,10,Refurbished,Daughterboard
Lower Tech,15,9,XW8JG,HP WEBCAM CAMERA AND MIC 1280X720 RESOLUTION  14-X013DX,1,10,Refurbished,Daughterboard
Lower Tech,15,3,1PN90,HP Elitebook 740 G1 Webcam Camera 724294-1H0,5,10,Refurbished,Daughterboard
Lower Tech,15,5,WX8T9,HP WEBCAM CAMERA ELITEBOOK 840 G1 NOTEBOOK PC,14,10,Refurbished,Daughterboard
Lower Tech,15,6,730966-001,Webcam module..,130,10,Refurbished,Daughterboard
Lower Tech,15,8,FG6P3,HP WEBCAM CAMERA ELITEBOOK 840 G1 NOTEBOOK PC,30,10,Refurbished,Daughterboard
Lower Tech,15,3,X5G92,Dell Inspiron 3043 AIO Webcam Camera 95TK3,13,10,Refurbished,Daughterboard
Lower Tech,15,3,503K4,HP Envy M6-W101DX Webcam Camera 757023-1B5,20,10,Refurbished,Daughterboard
Lower Tech,15,6,9379W,HP WEBCAM CAMERA/MIC 1280X720 LED M6-W102DX,31,10,Refurbished,Daughterboard
Lower Tech,15,7,RTPGM,HP WEBCAM CAMERA/MIC 1280X720 LED M6-W102DX,29,10,Refurbished,Daughterboard
Tech suppliers llc,15,7,MWC3J,Lenovo Yoga 3-1170-80J8 Webcam Camera PK400011O00,21,10,Refurbished,Daughterboard
Lower Tech,15,3,28PY4,HP Chromebook 14 G4 Webcam Camera 834912-001 and Microphone,17,10,Refurbished,Daughterboard
Lower Tech,15,10,5D8TK,"Webcam and microphone module - TrueVision HD slim webcam, 1280 x 720 at 30 frames per second, fi...",15,10,Refurbished,Daughterboard
Lower Tech,15,8,807522-001,Lenovo Chromebook Thinkpad Yoga 11e-20DU Webcam Camera 00HN300,70,10,Refurbished,Daughterboard
Tech suppliers llc,15,1,807527-001,Dell Latitude 5175 Webcam Camera 1D8PG,4,10,Refurbished,Daughterboard
Lower Tech,15,3,763699-001,Dell Latitude 5175 Webcam Camera 47F6V,1,10,Refurbished,Daughterboard
Lower Tech,15,2,763710-001,Dell Latitude 5175 Webcam Camera VR2DY,9,10,Refurbished,Daughterboard
Tech suppliers llc,15,6,89DG1,Acer Chromebook C740 Webcam Camera NC2141103Q,18,10,Refurbished,Daughterboard
Lower Tech,15,4,4290M,HP Chromebook 11 G4 Webcam Camera 783088-001,85,10,Refurbished,Daughterboard
Lower Tech,15,1,C5PF7,Samsung Chromebook XE500C13 Webcam Camera BA96-06994A,7,10,Refurbished,Daughterboard
Tech suppliers llc,15,8,NMV6C,SAMSUNG WEB CAMERA XE500C13 XE500C13-K01US SERIES,21,10,Refurbished,Daughterboard
Lower Tech,15,6,N0EBD11A01,SAMSUNG WEB CAMERA XE500C13 XE500C13-K01US SERIES,1,10,Refurbished,Daughterboard
Lower Tech,15,7,3M84W,Dell Latitude 5175 Touchscreen Digitizer Cable LF-C797P,20,10,Refurbished,Camera
Lower Tech,15,3,JNNJ1,Dell Latitude 5175 Palmrest Junction Cable 75FT3,74,10,Refurbished,Daughterboard
Tech suppliers llc,15,5,5JV2V,Dell Latitude 5175 Docking Cable A15AR2,16,10,Refurbished,Daughterboard
Lower Tech,15,4,70CHC,Lenovo Y70-70-80DU 5C10G59759,20,10,Refurbished,Daughterboard
Tech suppliers llc,15,7,A148S2,Lenovo Thinkpad X131e-3371 04W3876,2,10,Refurbished,Daughterboard
Lower Tech,15,6,DX46Y,Lenovo Thinkpad T420-4180 USB Board 44C4062,52,10,Refurbished,Daughterboard
Lower Tech,15,9,KHPY2,LENOVO THINKPAD USB PORT BOARD WITH CABLE T400,96,10,Refurbished,Daughterboard
Tech suppliers llc,15,1,WKCDK,LENOVO THINKPAD USB PORT BOARD WITH CABLE T400,57,10,Refurbished,Daughterboard
Tech suppliers llc,15,10,K509X,Lenovo Thinkpad X200 DC Jack Cable 44C5396,44,10,Refurbished,Daughterboard
Lower Tech,15,9,3GJF6,Lenovo Thinkpad T420-4180 USB Board 04W1630,161,10,Refurbished,Daughterboard
,,,,Lenovo Lenovo B50-45 LED Board Board with Cable 90007353 Tested Ships Today,,,,
,,,,LENOVO LED BOARD WITH CABLE B50-45/B50-30,,,,
,,,,LENOVO LED BOARD WITH CABLE B50-45/B50-30,,,,
,,,,Dell Venue 10 Pro 5055 LCD Cable 1FCDN,,,,
,,,,DELL LCD CABLE EDP VENUE 10 PRO 5055,,,,
,,,,DELL LCD CABLE EDP VENUE 10 PRO 5055,,,,
,,,,Dell Venue 10 Pro 5055 Docking Board CJDD4,,,,
,,,,Lenovo Thinkpad Edge E555-20DH Audio Board 00HN422,,,,
,,,,Dell Venue 10 Pro 5055 USB Board 7PNY3,,,,
,,,,DELL USB PC BOARD WITH CABLE VENUE 10 PRO 5055,,,,
,,,,DELL USB PC BOARD WITH CABLE VENUE 10 PRO 5055,,,,
,,,,Lenovo G580-2189 USB Board with Cable 90200456,,,,
,,,,LENOVO G585 USB PC BOARD,,,,
,,,,LENOVO G585 USB PC BOARD,,,,
,,,,Lenovo Lenovo G580 90200459 Tested Warranty Ships Today,,,,
,,,,Lenovo G580-2189 ODD Connector Board 90200458,,,,
,,,,Lenovo IdeaPad G585 N580 G500 Optical Drive Connector w/Cable,,,,
,,,,Lenovo IdeaPad G585 N580 G500 Optical Drive Connector w/Cable,,,,
,,,,Lenovo V110-15ISK-80TL Power Button Board with Cable 5C50L78332,,,,
,,,,Lenovo Lenovo V110-15ISK ODD Connector Board 5C50L78362 Tested Warranty,,,,
,,,,Lenovo Lenovo V110-15ISK Audio Board 5C50L78318 Tested Warranty,,,,
,,,,Lenovo G70-80-80FF ODD Connector Board 5C50G89505,,,,
,,,,LENOVO ODD SWITCH BOARD W/CABLE Z70-80,,,,
,,,,LENOVO ODD SWITCH BOARD W/CABLE Z70-80,,,,
,,,,Dell Latitude E5540 7FWX8,,,,
,,,,Dell Latitude E5430 Phone Jack Cable DV2PY,,,,
,,,,Dell Latitude E6420 XFR Audio Cable FCDKH,,,,
,,,,Dell Latitude E6420 XFR Audio Cable Y9JG2,,,,
,,,,Lenovo Thinkpad L430 Audio SD Slot Board 04W3745 Tested Warranty Ships Today,,,,
,,,,Dell Latitude E6430 ATG Touchpad Board with Cable 11A21,,,,
,,,,Dell Inspiron 3052 Digitizer Board MTX1M,,,,
,,,,Dell Inspiron 3052 Digitizer Board TD1C6,,,,
,,,,DELL TOUCH SCREEN CONTROLLER BOARD ALL-IN-ONE INSPIRON 20-3052,,,,
,,,,DELL TOUCH SCREEN CONTROLLER BOARD ALL-IN-ONE INSPIRON 20-3052,,,,
,,,,Dell Latitude XT3 Fingerprint Reader Board LS213UA,,,,
,,,,Lenovo Thinkpad Helix-20CG Keyboard Base Board 00HT219,,,,
,,,,Dell Latitude E5470 Touchpad Cable JK3M9,,,,
,,,,Lenovo Chromebook N22-80SF Audio USB Cable 5C10L08679,,,,
,,,,Lenovo Winbook N23-80UR 300e-81FY Audio USB Board 5C10L08679 Tested Warranty,,,,
,,,,Dell Inspiron 5555 5558 Audio USB Cable CMXGT,,,,
,,,,Dell Inspiron 5458 Audio USB Cable 2CK1V,,,,
,,,,Dell Inspiron 5551 DC Jack Cable 0NFVF,,,,
,,,,Dell Inspiron 5558 DC Jack Cable CJY97,,,,
,,,,HP x360 310 G1 SD Slot USB Board with Cable 819789-001,,,,
,,,,HP x360 310 G1 Power Button Board 824140-001,,,,
,,,,Dell Inspiron 3567 Audio USB Board with Cable WVYY9 Tested Warranty,,,,
,,,,Lenovo Thinkpad 11e-20DA Board DALI5TH16F0,,,,
,,,,Dell Latitude E5440 C8MR7,,,,
,,,,Dell Alienware 17 R4 DC Jack Cable 0K5M1,,,,
,,,,Dell Alienware 17 R4 USB Board G3PWR,,,,
,,,,Dell Alienware 17 R4 Tobii Eye Tracker Cable KRHCC,,,,
,,,,Alienware 17 R4 Cable for Tobii Eye Tracker Board,,,,
,,,,Alienware 17 R4 Cable for Tobii Eye Tracker Board,,,,
,,,,Dell Alienware 17 R4 Logo LED Cable RY7G9,,,,
,,,,Dell Alienware 17 R4 Cable Logo LED Light,,,,
,,,,Dell Alienware 17 R4 Cable Logo LED Light,,,,
,,,,Dell Alienware 17 R4 Tron LED Cable YXPK7,,,,
,,,,Dell Alienware 17 R4 LCD Tron Light Cable 417HF,,,,
,,,,Dell Inspiron 5765 SD Slot USB Board GRRCY,,,,
,,,,Dell Inspiron 5565 ODD Connector Board X8CW7,,,,
,,,,Dell Inspiron 5565 5765 ODD Connector Board X8CW7,,,,
,,,,Dell Inspiron 5565 SD Slot USB Board F8K78,,,,
,,,,Dell Inspiron 5567 5565 SD Slot USB Board D99YJ,,,,
,,,,Dell Inspiron 5767 DC Jack Cable R6RKM,,,,
,,,,Dell Inspiron 5767 ODD Connector Board with Cable FMJXC Tested Warranty,,,,
,,,,Dell Inspiron 5767 SD Slot USB Board with Cable FXX33 Tested Ships Today,,,,
,,,,Dell Latitude 3340 Digitizer Board 32001920-02UT56Q16E,,,,
,,,,Dell Inspiron 7359 Power Button Board 16G9G,,,,
,,,,Samsung Chromebook XE500C21 SD Slot Board BA92-07818A,,,,
,,,,SAMSUNG MEMORY CARD READER W/ CABLE XE500C21,,,,
,,,,SAMSUNG MEMORY CARD READER W/ CABLE XE500C21,,,,
,,,,Samsung Chromebook XE500C21 USB Board BA92-08331A,,,,
,,,,SAMSUNG USB PORT SIM CARD BOARD XE500C21 XE500C21-H02US,,,,
,,,,SAMSUNG USB PORT SIM CARD BOARD XE500C21 XE500C21-H02US,,,,
,,,,Dell Latitude 3330 USB HDMI Board 5Y2R9,,,,
,,,,Asus Chromebook C202SA DC Jack USB Board with Cable,,,,
,,,,ASUS USB IO BOARD WITH CABLE CHROMEBOOK C202SA,,,,
,,,,ASUS USB IO BOARD WITH CABLE CHROMEBOOK C202SA,,,,
,,,,Dell XPS 2720 Board T7GVF,,,,
,,,,Acer Aspire R5-471T Touchpad Cable 1414-0A7E000,,,,
,,,,HP 17-X010NR DC Jack Cable 856680-001,,,,
,,,,HP POWER DC-IN CONNECTOR CABLE PAVILON 15-AB,,,,
,,,,HP POWER DC-IN CONNECTOR CABLE PAVILON 15-AB,,,,
,,,,Asus Chromebook C100P I/O Board 60NL0970-1O1040,,,,
,,,,HP Envy M6-1205DX Power Button Board with Cable 686917-001,,,,
,,,,HP PC BOARD - POWER BUTTON BOARD WITH CABLE PAVILION M6-1035DX,,,,
,,,,HP PC BOARD - POWER BUTTON BOARD WITH CABLE PAVILION M6-1035DX,,,,
,,,,HP Pavilion G6-1B60US USB Board 640883-001,,,,
,,,,HP USB BOARD + CABLE G6-1D48DX,,,,
,,,,HP USB BOARD + CABLE G6-1D48DX,,,,
,,,,HP Pavilion G6-1B60US DC Jack Cable 640891-001,,,,
,,,,HP DC JACK G6-1D48DX  G6-1C57DX G6-1D08DX,,,,
,,,,HP DC JACK G6-1D48DX  G6-1C57DX G6-1D08DX,,,,
,,,,HP Pavilion DM4-1160US DC Jack Cable 608273-001,,,,
,,,,HP Pavilion DM4-1160US USB Board 608277-001,,,,
,,,,HP Pavilion DM3T-3000 USB VGA HDMI Board 626740-001,,,,
,,,,Asus X-Series X550CA USB Board 69N0PPB10A01-01,,,,
,,,,Asus X550ZA USB Port Board w/Cable,,,,
,,,,Asus X550ZA USB Port Board w/Cable,,,,
,,,,Asus N-Series N550LF 60NB0230-LD1020,,,,
,,,,ASUS PC BOARD N550LF LED_BOARD/AS,,,,
,,,,ASUS PC BOARD N550LF LED_BOARD/AS,,,,
,,,,Dell Inspiron 7558 7568 Keyboard Ribbon Cable 1HJ8H Tested Warranty,,,,
,,,,Dell Inspiron 13 7359 Input/Output I/O Board w/Cable,,,,
,,,,Dell Inspiron 13 7359 Input/Output I/O Board w/Cable,,,,
,,,,Lenovo G50-45-80E3 Power Button Board NS-A273,,,,
,,,,LENOVO G50 G50-70 NS-A273 POWER BOARD,,,,
,,,,LENOVO G50 G50-70 NS-A273 POWER BOARD,,,,
,,,,Dell Inspiron 5568 7579 LED Board 3PGX8 Tested Warranty,,,,
,,,,Dell I15-5568 LED Board,,,,
,,,,Dell I15-5568 LED Board,,,,
,,,,Toshiba Mini Notebook NB305 Audio USB Board LS-5841P,,,,
,,,,Toshiba Mini Notebook NB305 Webcam Cable DC02000ZG00,,,,
,,,,Toshiba Mini Notebook NB305 Touchpad Cable NBX0000M400,,,,
,,,,Toshiba Satellite C55DT-A5174 USB Board 6017B0402601,,,,
,,,,Toshiba Satellite C55DT-A5174 Touchscreen Digitizer Cable,,,,
,,,,TOSHIBA CABLE DIGITIZER TOUCHSCREEN,,,,
,,,,TOSHIBA CABLE DIGITIZER TOUCHSCREEN,,,,
,,,,HP Stream 14-AX020NR DC Jack Cable 799750-F23,,,,
,,,,Lenovo IdeaPad 300-17ISK-80QH ODD Connector Board with Cable,,,,
,,,,LENOVO ODD BOARD L80QH IDEAPAD 300-17ISK,,,,
,,,,LENOVO ODD BOARD L80QH IDEAPAD 300-17ISK,,,,
,,,,HP Pavilion 10-K010NR Power Button Board 784417-001,,,,
,,,,HP Pavilion 10-K010NR Audio Cable 784416-001,,,,
,,,,Dell Latitude E7270 Touchpad Cable 81JRD,,,,
,,,,Lenovo G50-80-80L0 Audio SD Slot USB Board NS-A362,,,,
,,,,Lenovo Yoga 2 11-80CX Media Buttons Webcam Board NS-A203,,,,
,,,,LEVONO IdeaPad Yoga 2 11 Series AIUU1 Home Button MIC Board,,,,
,,,,LEVONO IdeaPad Yoga 2 11 Series AIUU1 Home Button MIC Board,,,,
,,,,Lenovo Yoga 2 11-80CX Webcam Cable DC02C004O00,,,,
,,,,LENOVO Cable - Vienna Camera Cable,,,,
,,,,LENOVO Cable - Vienna Camera Cable,,,,
,,,,Lenovo Yoga 2 11-80CX Board NS-A204,,,,
,,,,"LENOVO YOGA 2 11 20332 11.6"" SENSOR BOARDS",,,,
,,,,"LENOVO YOGA 2 11 20332 11.6"" SENSOR BOARDS",,,,
,,,,Lenovo Edge 15 Audio USB Board with Cable 5C50G91216 Tested Warranty,,,,
,,,,LENOVO IO BOARD USB/AUDIO CARD READER BOARD W/CABLE FLEX2-15 EDGE 15 80H1,,,,
,,,,LENOVO IO BOARD USB/AUDIO CARD READER BOARD W/CABLE FLEX2-15 EDGE 15 80H1,,,,
,,,,Lenovo IdeaPad 110-15ISK-80UD ODD Connector Board with Cable,,,,
,,,,LENOVO DVD CONNECTOR CABLE IDEAPAD 110-15ISK 80UD,,,,
,,,,LENOVO DVD CONNECTOR CABLE IDEAPAD 110-15ISK 80UD,,,,
,,,,Dell Latitude E7240 Board LS-9432P,,,,
,,,,SWITCH BOARD W/ CABLE LATITUDE E7240,,,,
,,,,Dell Inspiron 3138 SD Slot Board 4YVHX,,,,
,,,,HP Pavilion 11-K122NR 11-K120NR Audio USB Board 809545-001 Tested Warranty,,,,
,,,,HP Pavilion 11-K122NR Media Buttons SD Slot USB Board 809544-001,,,,
,,,,HP Pavilion 11-K122NR 11-K120NR Power Button Board 809546-001,,,,
,,,,Dell Inspiron 3455 Touch Digitizer Control Board 2C7G2,,,,
,,,,Dell Alienware 15 R2 Hard Drive Interface Cable DCR9X,,,,
,,,,Dell Inspiron 5368 5378 Keyboard Junction Cable YT97H,,,,
,,,,DELL FFC CABLE KB TO MOTHERBOARD INSPIRON 13-5368,,,,
,,,,DELL FFC CABLE KB TO MOTHERBOARD INSPIRON 13-5368,,,,
,,,,Asus Chromebook C200M USB Board with Cable 320C7IB0010,,,,
,,,,Dell Latitude 3150 3160 DC Jack Cable 8TJD5,,,,
,,,,Dell Latitude 3150 3160 LED Board with Cable V54NT,,,,
,,,,Dell Latitude 3150 3160 Audio Board NH21D,,,,
,,,,Dell Inspiron 3137 LED Board with Cable DA0ZM3YB6D0,,,,
,,,,DELL DELL INSPIRON 3135 3000 LED BOARD WITH CABLE,,,,
,,,,DELL DELL INSPIRON 3135 3000 LED BOARD WITH CABLE,,,,
,,,,Dell Latitude E5470 Antenna RFID Board 6JV04,,,,
,,,,Dell Inspiron 3045 3048 Inverter Cable 3YKGT,,,,
,,,,Dell Latitude 3550 LED Board with Cable LS-B072P,,,,
,,,,Dell Latitude E7470 Antenna RFID Board F7CRD,,,,
,,,,Lenovo Thinkpad Yoga 11e-20GA SD Slot Board DA0LI5TH6F0,,,,
,,,,Dell Latitude E7450 Fingerprint Reader Board 13CJ2,,,,
,,,,Dell Audio Board A14CP2,,,,
,,,,Dell Inspiron 3168 Board 27KKX,,,,
,,,,DELL INSPIRON 11 (3168 / 3169) HALL SENSOR CIRCUIT BOARD,,,,
,,,,DELL INSPIRON 11 (3168 / 3169) HALL SENSOR CIRCUIT BOARD,,,,
,,,,Asus R-Series R554LA Board 60NB0590-SN1001,,,,
,,,,ASUS SENSOR BOARD TP550LA  R554L,,,,
,,,,ASUS SENSOR BOARD TP550LA  R554L,,,,
,,,,Lenovo Chromebook Thinkpad 11e-20DB SD Slot Board DA0L15TH6F0,,,,
,,,,HP Envy DV6-7329NR USB Board 682087-001,,,,
,,,,USB BOARD With CABLE - Includes cable,,,,
,,,,USB BOARD With CABLE - Includes cable,,,,
,,,,HP Envy M6-1225DX DC Jack Cable 686900-001,,,,
,,,,HP DC-IN POWER CONNECTOR M6-1125DX,,,,
,,,,HP DC-IN POWER CONNECTOR M6-1125DX,,,,
,,,,HP Envy M6-1225DX ODD Connector Board 686899-001,,,,
,,,,HP PC BOARD - ODD BOARD WITH CABLE LS-8711P,,,,
,,,,SPS-ODD BD W/ CABLE,,,,
,,,,HP PC BOARD - ODD BOARD WITH CABLE LS-8711P,,,,
,,,,Lenovo Thinkpad L420-7854 USB Board with Cable 45M2861,,,,
,,,,Lenovo Thinkpad L420-7854 Cable 45M2870,,,,
,,,,Lenovo Thinkpad L420-7854 SD Slot Board 04W1743,,,,
,,,,Lenovo Thinkpad L420-7854 DC Jack Cable 45M2862,,,,
,,,,IBM DC CONVERTER -DC POWER JACK w/ CABLE THINKPAD SL410 L410 L412,,,,
,,,,IBM DC CONVERTER -DC POWER JACK w/ CABLE THINKPAD SL410 L410 L412,,,,
,,,,Dell Latitude 3570 VGA Cable K0D0W Tested Warranty,,,,
,,,,Dell Latitude 3570 SD Slot USB Cable GG3JR Tested Warranty,,,,
,,,,Dell Latitude 3470 VGA Board 307VN Tested Warranty,,,,
,,,,Dell Latitude 3470 Cable F568V Tested Warranty,,,,
,,,,Lenovo Thinkpad X131e-3371 Webcam Cable 04W3869,,,,
,,,,Lenovo ThinkPad X140e Webcam Camera Cam Cable with LED Light,,,,
,,,,Lenovo ThinkPad X140e Webcam Camera Cam Cable with LED Light,,,,
,,,,Lenovo Thinkpad X131e-3371 USB Board DA0LI2TB8C0,,,,
,,,,Lenovo Thinkpad X131e-3371 VGA Board with Cable 04W3875,,,,
,,,,Lenovo Thinkpad X131e DC Jack Cable 04W3558 Tested Warranty Ships Today,,,,
,,,,Dell Inspiron 5559 Microphone Board 4WVN4,,,,
